Time (%),Total Time (ns),Num Calls,Avg (ns),Med (ns),Min (ns),Max (ns),StdDev (ns),Name
57.6,307059363,300,1023531.2,1521770.0,2740,1563431,713417.7,cuStreamSynchronize
18.6,99135122,1,99135122.0,99135122.0,99135122,99135122,0.0,cuCtxCreate_v2
12.3,65803938,1,65803938.0,65803938.0,65803938,65803938,0.0,cuCtxDestroy_v2
4.3,23149370,301,76908.2,75094.0,72304,225271,10508.2,cuMemAlloc_v2
3.8,20438052,301,67900.5,66613.0,63023,99575,5289.9,cuMemFree_v2
1.7,9023987,801,11265.9,9211.0,8160,718253,25117.7,cuMemcpyDtoH_v2
0.8,4427612,311,14236.7,7180.0,4600,650890,61738.0,cuMemcpyHtoD_v2
0.4,2389749,300,7965.8,7820.5,6690,23150,1433.2,cuLaunchKernel
0.3,1729240,1,1729240.0,1729240.0,1729240,1729240,0.0,cuLinkCreate_v2
0.0,124155,1,124155.0,124155.0,124155,124155,0.0,cuLinkComplete
0.0,37002,1,37002.0,37002.0,37002,37002,0.0,cuModuleLoadData
0.0,4410,3,1470.0,1220.0,1050,2140,586.4,cuInit
0.0,550,1,550.0,550.0,550,550,0.0,cuLinkDestroy
