date,device,impl,variant,n,unknowns,nnz,threads,mode,iters,time_s,ms_per_iter,model_bytes_per_iter,eff_gbs,gflops,rel_res_true,max_err_analytic,max_err_vs_ref,launches_per_iter
2026-10-03,NVIDIA L4,cuda,csr_scalar,256,65536,326656,0,fixed,2000,5.202023e-02,2.601011e-02,1.152205e+07,442.9834,50.3140,1.595e-11,1.409e-06,-1.000e+00,6
2026-10-03,NVIDIA L4,cuda,csr_vector32,256,65536,326656,0,fixed,2000,1.780685e-01,8.903424e-02,1.152205e+07,129.4114,14.6985,1.585e-11,1.409e-06,-1.000e+00,6
2026-10-03,NVIDIA L4,cuda,csr_vector4,256,65536,326656,0,fixed,2000,6.123520e-02,3.061760e-02,1.152205e+07,376.3211,42.7425,1.585e-11,1.409e-06,-1.000e+00,6
2026-10-03,NVIDIA L4,cuda,stencil,256,65536,326656,0,fixed,2000,4.950016e-02,2.475008e-02,7.340032e+06,296.5660,52.8755,1.594e-11,1.409e-06,-1.000e+00,6
2026-10-03,NVIDIA L4,cuda,stencil_graph,256,65536,326656,0,fixed,2000,4.140339e-02,2.070170e-02,7.340032e+06,354.5619,63.2157,1.594e-11,1.409e-06,-1.000e+00,0
2026-10-03,NVIDIA L4,cuda,fused,256,65536,326656,0,fixed,2000,3.588813e-02,1.794406e-02,5.242880e+06,292.1791,72.9306,1.594e-11,1.409e-06,-1.000e+00,2
2026-10-03,NVIDIA L4,cuda,fused_graph,256,65536,326656,0,fixed,2000,3.338137e-02,1.669069e-02,5.242880e+06,314.1201,78.4073,1.594e-11,1.409e-06,-1.000e+00,0
2026-10-03,NVIDIA L4,cuda,fused_rows,256,65536,326656,0,fixed,2000,3.361075e-02,1.680538e-02,5.242880e+06,311.9764,77.8722,1.594e-11,1.409e-06,-1.000e+00,2
2026-10-03,NVIDIA L4,cuda,fused_rows_graph,256,65536,326656,0,fixed,2000,3.098112e-02,1.549056e-02,5.242880e+06,338.4565,84.4819,1.594e-11,1.409e-06,-1.000e+00,0
2026-10-03,NVIDIA L4,cuda,cusparse,256,65536,326656,0,fixed,2000,9.084928e-02,4.542464e-02,1.257062e+07,276.7358,28.8097,1.577e-11,1.409e-06,-1.000e+00,9
2026-10-03,AMD EPYC 7R13,cpu_serial,csr,256,65536,326656,1,fixed,200,7.090890e-02,3.545445e-01,1.152205e+07,32.4982,3.6911,8.490e-01,1.099e-02,-1.000e+00,0
2026-10-03,AMD EPYC 7R13,cpu_openmp,csr,256,65536,326656,16,fixed,400,2.040097e-02,5.100243e-02,1.152205e+07,225.9117,25.6590,4.800e-03,3.100e-05,-1.000e+00,0
2026-10-03,AMD EPYC 7R13,cpu_openmp,csr,256,65536,326656,32,fixed,400,2.775312e-02,6.938279e-02,1.152205e+07,166.0649,18.8616,4.800e-03,3.100e-05,-1.000e+00,0
2026-10-03,NVIDIA L4,fortran_openacc_gfortran,stencil_3loops,256,65536,326656,0,fixed,2000,5.406507E+00,2.703254E+00,5.767168E+06,2.1334,.4841,1.599E-11,1.409E-06,-1.000E+00,3
2026-10-03,NVIDIA L4,fortran_openacc_nvfortran,stencil_3loops,256,65536,326656,0,fixed,2000,1.289110E-01,6.445550E-02,5.767168E+06,89.4752,20.3035,1.606E-11,1.409E-06,-1.000E+00,3
2026-10-03,NVIDIA L4,fortran_stdpar_nvfortran,stencil_3loops,256,65536,326656,0,fixed,2000,7.446810E-02,3.723405E-02,5.767168E+06,154.8896,35.1472,1.606E-11,1.409E-06,-1.000E+00,3
2026-10-03,NVIDIA L4,cuda,csr_scalar,512,262144,1308672,0,fixed,1000,4.565606e-02,4.565606e-02,4.611277e+07,1010.0032,114.7445,4.511e-04,1.822e-06,-1.000e+00,6
2026-10-03,NVIDIA L4,cuda,csr_vector32,512,262144,1308672,0,fixed,1000,2.964726e-01,2.964726e-01,4.611277e+07,155.5381,17.6704,4.511e-04,1.822e-06,-1.000e+00,6
2026-10-03,NVIDIA L4,cuda,csr_vector4,512,262144,1308672,0,fixed,1000,5.924966e-02,5.924966e-02,4.611277e+07,778.2790,88.4188,4.511e-04,1.822e-06,-1.000e+00,6
2026-10-03,NVIDIA L4,cuda,stencil,512,262144,1308672,0,fixed,1000,3.776921e-02,3.776921e-02,2.936013e+07,777.3561,138.7051,4.511e-04,1.822e-06,-1.000e+00,6
2026-10-03,NVIDIA L4,cuda,stencil_graph,512,262144,1308672,0,fixed,1000,3.417395e-02,3.417395e-02,2.936013e+07,859.1377,153.2976,4.511e-04,1.822e-06,-1.000e+00,0
2026-10-03,NVIDIA L4,cuda,fused,512,262144,1308672,0,fixed,1000,3.327168e-02,3.327168e-02,2.097152e+07,630.3114,157.4548,4.511e-04,1.822e-06,-1.000e+00,2
2026-10-03,NVIDIA L4,cuda,fused_graph,512,262144,1308672,0,fixed,1000,3.223552e-02,3.223552e-02,2.097152e+07,650.5718,162.5159,4.511e-04,1.822e-06,-1.000e+00,0
2026-10-03,NVIDIA L4,cuda,fused_rows,512,262144,1308672,0,fixed,1000,3.154739e-02,3.154739e-02,2.097152e+07,664.7624,166.0608,4.511e-04,1.822e-06,-1.000e+00,2
2026-10-03,NVIDIA L4,cuda,fused_rows_graph,512,262144,1308672,0,fixed,1000,3.016602e-02,3.016602e-02,2.097152e+07,695.2035,173.6651,4.511e-04,1.822e-06,-1.000e+00,0
2026-10-03,NVIDIA L4,cuda,cusparse,512,262144,1308672,0,fixed,1000,8.028899e-02,8.028899e-02,5.030707e+07,626.5749,65.2491,4.511e-04,1.822e-06,-1.000e+00,9
2026-10-03,AMD EPYC 7R13,cpu_serial,csr,512,262144,1308672,1,fixed,100,1.456118e-01,1.456118e+00,4.611277e+07,31.6683,3.5978,7.363e+00,1.027e-01,-1.000e+00,0
2026-10-03,AMD EPYC 7R13,cpu_openmp,csr,512,262144,1308672,16,fixed,200,2.820273e-02,1.410136e-01,4.611277e+07,327.0093,37.1509,4.303e+00,5.827e-02,-1.000e+00,0
2026-10-03,AMD EPYC 7R13,cpu_openmp,csr,512,262144,1308672,32,fixed,200,2.906330e-02,1.453165e-01,4.611277e+07,317.3265,36.0509,4.303e+00,5.827e-02,-1.000e+00,0
2026-10-03,NVIDIA L4,fortran_openacc_gfortran,stencil_3loops,512,262144,1308672,0,fixed,1000,3.643943E+00,3.643943E+00,2.306867E+07,6.3307,1.4377,4.511E-04,1.822E-06,-1.000E+00,3
2026-10-03,NVIDIA L4,fortran_openacc_nvfortran,stencil_3loops,512,262144,1308672,0,fixed,1000,8.331290E-02,8.331290E-02,2.306867E+07,276.8920,62.8808,4.511E-04,1.822E-06,-1.000E+00,3
2026-10-03,NVIDIA L4,fortran_stdpar_nvfortran,stencil_3loops,512,262144,1308672,0,fixed,1000,5.734680E-02,5.734680E-02,2.306867E+07,402.2661,91.3527,4.511E-04,1.822E-06,-1.000E+00,3
2026-10-03,NVIDIA L4,cuda,csr_scalar,1024,1048576,5238784,0,fixed,500,2.615900e-01,5.231801e-01,1.845002e+08,352.6515,40.0691,4.686e+00,4.238e-02,-1.000e+00,6
2026-10-03,NVIDIA L4,cuda,csr_vector32,1024,1048576,5238784,0,fixed,500,6.736691e-01,1.347338e+00,1.845002e+08,136.9368,15.5591,4.686e+00,4.238e-02,-1.000e+00,6
2026-10-03,NVIDIA L4,cuda,csr_vector4,1024,1048576,5238784,0,fixed,500,2.641787e-01,5.283574e-01,1.845002e+08,349.1959,39.6764,4.686e+00,4.238e-02,-1.000e+00,6
2026-10-03,NVIDIA L4,cuda,stencil,1024,1048576,5238784,0,fixed,500,5.683302e-02,1.136660e-01,1.174405e+08,1033.2066,184.4291,4.686e+00,4.238e-02,-1.000e+00,6
2026-10-03,NVIDIA L4,cuda,stencil_graph,1024,1048576,5238784,0,fixed,500,6.055731e-02,1.211146e-01,1.174405e+08,969.6642,173.0867,4.686e+00,4.238e-02,-1.000e+00,0
2026-10-03,NVIDIA L4,cuda,fused,1024,1048576,5238784,0,fixed,500,6.179840e-02,1.235968e-01,8.388608e+07,678.7075,169.6106,4.686e+00,4.238e-02,-1.000e+00,2
2026-10-03,NVIDIA L4,cuda,fused_graph,1024,1048576,5238784,0,fixed,500,6.551962e-02,1.310392e-01,8.388608e+07,640.1600,159.9775,4.686e+00,4.238e-02,-1.000e+00,0
2026-10-03,NVIDIA L4,cuda,fused_rows,1024,1048576,5238784,0,fixed,500,5.667226e-02,1.133445e-01,8.388608e+07,740.0983,184.9523,4.686e+00,4.238e-02,-1.000e+00,2
2026-10-03,NVIDIA L4,cuda,fused_rows_graph,1024,1048576,5238784,0,fixed,500,5.350195e-02,1.070039e-01,8.388608e+07,783.9534,195.9118,4.686e+00,4.238e-02,-1.000e+00,0
2026-10-03,NVIDIA L4,cuda,cusparse,1024,1048576,5238784,0,fixed,500,1.958891e-01,3.917783e-01,2.012774e+08,513.7534,53.5081,4.686e+00,4.238e-02,-1.000e+00,9
2026-10-03,AMD EPYC 7R13,cpu_serial,csr,1024,1048576,5238784,1,fixed,50,3.455691e-01,6.911382e+00,1.845002e+08,26.6951,3.0332,1.720e+01,1.581e-01,-1.000e+00,0
2026-10-03,AMD EPYC 7R13,cpu_openmp,csr,1024,1048576,5238784,16,fixed,100,9.378812e-02,9.378812e-01,1.845002e+08,196.7203,22.3518,1.408e+01,1.361e-01,-1.000e+00,0
2026-10-03,AMD EPYC 7R13,cpu_openmp,csr,1024,1048576,5238784,32,fixed,100,1.012781e-01,1.012781e+00,1.845002e+08,182.1719,20.6988,1.408e+01,1.361e-01,-1.000e+00,0
2026-10-03,NVIDIA L4,fortran_openacc_gfortran,stencil_3loops,1024,1048576,5238784,0,fixed,500,1.792487E+00,3.584974E+00,9.227469E+07,25.7393,5.8476,4.686E+00,4.238E-02,-1.000E+00,3
2026-10-03,NVIDIA L4,fortran_openacc_nvfortran,stencil_3loops,1024,1048576,5238784,0,fixed,500,9.085480E-02,1.817096E-01,9.227469E+07,507.8141,115.3672,4.686E+00,4.238E-02,-1.000E+00,3
2026-10-03,NVIDIA L4,fortran_stdpar_nvfortran,stencil_3loops,1024,1048576,5238784,0,fixed,500,8.327190E-02,1.665438E-01,9.227469E+07,554.0566,125.8728,4.686E+00,4.238E-02,-1.000E+00,3
2026-10-03,NVIDIA L4,cuda,csr_scalar,2048,4194304,20963328,0,fixed,200,5.719337e-01,2.859669e+00,7.380992e+08,258.1066,29.3285,1.965e+01,1.370e-01,-1.000e+00,6
2026-10-03,NVIDIA L4,cuda,csr_vector32,2048,4194304,20963328,0,fixed,200,1.274206e+00,6.371031e+00,7.380992e+08,115.8524,13.1642,1.965e+01,1.370e-01,-1.000e+00,6
2026-10-03,NVIDIA L4,cuda,csr_vector4,2048,4194304,20963328,0,fixed,200,5.641483e-01,2.820741e+00,7.380992e+08,261.6685,29.7332,1.965e+01,1.370e-01,-1.000e+00,6
2026-10-03,NVIDIA L4,cuda,stencil,2048,4194304,20963328,0,fixed,200,3.200872e-01,1.600436e+00,4.697620e+08,293.5213,52.4043,1.965e+01,1.370e-01,-1.000e+00,6
2026-10-03,NVIDIA L4,cuda,stencil_graph,2048,4194304,20963328,0,fixed,200,3.184937e-01,1.592468e+00,4.697620e+08,294.9899,52.6665,1.965e+01,1.370e-01,-1.000e+00,0
2026-10-03,NVIDIA L4,cuda,fused,2048,4194304,20963328,0,fixed,200,2.874008e-01,1.437004e+00,3.355443e+08,233.5027,58.3643,1.965e+01,1.370e-01,-1.000e+00,2
2026-10-03,NVIDIA L4,cuda,fused_graph,2048,4194304,20963328,0,fixed,200,2.873702e-01,1.436851e+00,3.355443e+08,233.5275,58.3705,1.965e+01,1.370e-01,-1.000e+00,0
2026-10-03,NVIDIA L4,cuda,fused_rows,2048,4194304,20963328,0,fixed,200,2.936320e-01,1.468160e+00,3.355443e+08,228.5475,57.1257,1.965e+01,1.370e-01,-1.000e+00,2
2026-10-03,NVIDIA L4,cuda,fused_rows_graph,2048,4194304,20963328,0,fixed,200,2.939535e-01,1.469768e+00,3.355443e+08,228.2975,57.0632,1.965e+01,1.370e-01,-1.000e+00,0
2026-10-03,NVIDIA L4,cuda,cusparse,2048,4194304,20963328,0,fixed,200,6.352384e-01,3.176192e+00,8.052081e+08,253.5137,26.4057,1.965e+01,1.370e-01,-1.000e+00,9
2026-10-03,AMD EPYC 7R13,cpu_serial,csr,2048,4194304,20963328,1,fixed,20,6.325513e-01,3.162757e+01,7.380992e+08,23.3372,2.6518,2.665e+01,1.827e-01,-1.000e+00,0
2026-10-03,AMD EPYC 7R13,cpu_openmp,csr,2048,4194304,20963328,16,fixed,40,3.770971e-01,9.427426e+00,7.380992e+08,78.2928,8.8964,2.575e+01,1.761e-01,-1.000e+00,0
2026-10-03,AMD EPYC 7R13,cpu_openmp,csr,2048,4194304,20963328,32,fixed,40,4.008907e-01,1.002227e+01,7.380992e+08,73.6459,8.3683,2.575e+01,1.761e-01,-1.000e+00,0
2026-10-03,NVIDIA L4,fortran_openacc_gfortran,stencil_3loops,2048,4194304,20963328,0,fixed,200,8.620539E-01,4.310270E+00,3.690988E+08,85.6324,19.4581,1.965E+01,1.370E-01,-1.000E+00,3
2026-10-03,NVIDIA L4,fortran_openacc_nvfortran,stencil_3loops,2048,4194304,20963328,0,fixed,200,3.421859E-01,1.710929E+00,3.690988E+08,215.7300,49.0200,1.965E+01,1.370E-01,-1.000E+00,3
2026-10-03,NVIDIA L4,fortran_stdpar_nvfortran,stencil_3loops,2048,4194304,20963328,0,fixed,200,3.590021E-01,1.795010E+00,3.690988E+08,205.6248,46.7238,1.965E+01,1.370E-01,-1.000E+00,3
2026-10-03,NVIDIA L4,cuda,csr_scalar,4096,16777216,83869696,0,fixed,100,1.271833e+00,1.271833e+01,2.952593e+09,232.1527,26.3802,3.631e+01,1.738e-01,-1.000e+00,6
2026-10-03,NVIDIA L4,cuda,csr_vector32,4096,16777216,83869696,0,fixed,100,2.751973e+00,2.751973e+01,2.952593e+09,107.2900,12.1917,3.631e+01,1.738e-01,-1.000e+00,6
2026-10-03,NVIDIA L4,cuda,csr_vector4,4096,16777216,83869696,0,fixed,100,1.227297e+00,1.227297e+01,2.952593e+09,240.5770,27.3374,3.631e+01,1.738e-01,-1.000e+00,6
2026-10-03,NVIDIA L4,cuda,stencil,4096,16777216,83869696,0,fixed,100,8.017551e-01,8.017551e+00,1.879048e+09,234.3668,41.8471,3.631e+01,1.738e-01,-1.000e+00,6
2026-10-03,NVIDIA L4,cuda,stencil_graph,4096,16777216,83869696,0,fixed,100,8.012892e-01,8.012892e+00,1.879048e+09,234.5031,41.8715,3.631e+01,1.738e-01,-1.000e+00,0
2026-10-03,NVIDIA L4,cuda,fused,4096,16777216,83869696,0,fixed,100,6.140908e-01,6.140908e+00,1.342177e+09,218.5633,54.6355,3.631e+01,1.738e-01,-1.000e+00,2
2026-10-03,NVIDIA L4,cuda,fused_graph,4096,16777216,83869696,0,fixed,100,6.142505e-01,6.142505e+00,1.342177e+09,218.5065,54.6213,3.631e+01,1.738e-01,-1.000e+00,0
2026-10-03,NVIDIA L4,cuda,fused_rows,4096,16777216,83869696,0,fixed,100,5.847552e-01,5.847552e+00,1.342177e+09,229.5281,57.3764,3.631e+01,1.738e-01,-1.000e+00,2
2026-10-03,NVIDIA L4,cuda,fused_rows_graph,4096,16777216,83869696,0,fixed,100,5.840804e-01,5.840804e+00,1.342177e+09,229.7932,57.4427,3.631e+01,1.738e-01,-1.000e+00,0
2026-10-03,NVIDIA L4,cuda,cusparse,4096,16777216,83869696,0,fixed,100,1.397475e+00,1.397475e+01,3.221029e+09,230.4891,24.0084,3.631e+01,1.738e-01,-1.000e+00,9
2026-10-03,AMD EPYC 7R13,cpu_serial,csr,4096,16777216,83869696,1,fixed,10,1.496439e+00,1.496439e+02,2.952593e+09,19.7308,2.2421,3.458e+01,1.892e-01,-1.000e+00,0
2026-10-03,AMD EPYC 7R13,cpu_openmp,csr,4096,16777216,83869696,16,fixed,20,9.560212e-01,4.780106e+01,2.952593e+09,61.7684,7.0189,4.047e+01,1.871e-01,-1.000e+00,0
2026-10-03,AMD EPYC 7R13,cpu_openmp,csr,4096,16777216,83869696,32,fixed,20,1.044176e+00,5.220881e+01,2.952593e+09,56.5536,6.4263,4.047e+01,1.871e-01,-1.000e+00,0
2026-10-03,NVIDIA L4,fortran_openacc_gfortran,stencil_3loops,4096,16777216,83869696,0,fixed,100,9.151870E-01,9.151870E+00,1.476395E+09,161.3217,36.6604,3.631E+01,1.738E-01,-1.000E+00,3
2026-10-03,NVIDIA L4,fortran_openacc_nvfortran,stencil_3loops,4096,16777216,83869696,0,fixed,100,7.013909E-01,7.013909E+00,1.476395E+09,210.4953,47.8352,3.631E+01,1.738E-01,-1.000E+00,3
2026-10-03,NVIDIA L4,fortran_stdpar_nvfortran,stencil_3loops,4096,16777216,83869696,0,fixed,100,7.790880E-01,7.790880E+00,1.476395E+09,189.5030,43.0647,3.631E+01,1.738E-01,-1.000E+00,3
2026-10-03,host_cpu,fortran_serial_gfortran,stencil_3loops,1024,1048576,5238784,0,fixed,50,1.200188E-01,2.400376E+00,9.227469E+07,38.4418,8.7334,1.720E+01,1.581E-01,-1.000E+00,3
2026-10-03,NVIDIA L4,cuda,csr_scalar,1024,1048576,5238784,0,tol,3152,1.680746e+00,5.332315e-01,1.845002e+08,346.0040,39.3137,9.950e-09,8.857e-08,-1.000e+00,6
2026-10-03,NVIDIA L4,cuda,csr_vector32,1024,1048576,5238784,0,tol,3152,4.454208e+00,1.413137e+00,1.845002e+08,130.5607,14.8346,9.949e-09,8.857e-08,-1.000e+00,6
2026-10-03,NVIDIA L4,cuda,csr_vector4,1024,1048576,5238784,0,tol,3152,1.697436e+00,5.385267e-01,1.845002e+08,342.6018,38.9272,9.949e-09,8.857e-08,-1.000e+00,6
2026-10-03,NVIDIA L4,cuda,stencil,1024,1048576,5238784,0,tol,3152,4.445624e-01,1.410414e-01,1.174405e+08,832.6671,148.6325,9.950e-09,8.857e-08,-1.000e+00,6
2026-10-03,NVIDIA L4,cuda,stencil_graph,1024,1048576,5238784,0,tol,3160,4.177330e-01,1.321940e-01,1.174405e+08,888.3953,158.5801,9.281e-09,8.857e-08,-1.000e+00,0
2026-10-03,NVIDIA L4,cuda,fused,1024,1048576,5238784,0,tol,3152,4.605416e-01,1.461109e-01,8.388608e+07,574.1260,143.4754,9.950e-09,8.857e-08,-1.000e+00,2
2026-10-03,NVIDIA L4,cuda,fused_graph,1024,1048576,5238784,0,tol,3160,4.504369e-01,1.425433e-01,8.388608e+07,588.4953,147.0664,9.281e-09,8.857e-08,-1.000e+00,0
2026-10-03,NVIDIA L4,cuda,fused_rows,1024,1048576,5238784,0,tol,3152,3.995251e-01,1.267529e-01,8.388608e+07,661.8080,165.3874,9.950e-09,8.857e-08,-1.000e+00,2
2026-10-03,NVIDIA L4,cuda,fused_rows_graph,1024,1048576,5238784,0,tol,3160,3.924939e-01,1.242069e-01,8.388608e+07,675.3736,168.7775,9.283e-09,8.857e-08,-1.000e+00,0
2026-10-03,NVIDIA L4,cuda,cusparse,1024,1048576,5238784,0,tol,3152,1.295523e+00,4.110163e-01,2.012774e+08,489.7067,51.0036,9.949e-09,8.857e-08,-1.000e+00,9
2026-10-03,AMD EPYC 7R13,cpu_serial,csr,1024,1048576,5238784,1,tol,3152,2.167940e+01,6.877983e+00,1.845002e+08,26.8248,3.0479,9.949e-09,8.857e-08,-1.000e+00,0
2026-10-03,AMD EPYC 7R13,cpu_openmp,csr,1024,1048576,5238784,16,tol,3152,2.854777e+00,9.057034e-01,1.845002e+08,203.7093,23.1459,9.950e-09,8.857e-08,-1.000e+00,0
2026-10-03,NVIDIA L4,fortran_openacc_gfortran,stencil_3loops,1024,1048576,5238784,0,tol,3152,1.137295E+01,3.608169E+00,9.227469E+07,25.5738,5.8100,9.950E-09,8.857E-08,-1.000E+00,3
2026-10-03,NVIDIA L4,fortran_openacc_nvfortran,stencil_3loops,1024,1048576,5238784,0,tol,3152,5.994610E-01,1.901843E-01,9.227469E+07,485.1856,110.2264,9.950E-09,8.857E-08,-1.000E+00,3
2026-10-03,NVIDIA L4,fortran_stdpar_nvfortran,stencil_3loops,1024,1048576,5238784,0,tol,3152,5.512170E-01,1.748785E-01,9.227469E+07,527.6503,119.8737,9.950E-09,8.857E-08,-1.000E+00,3
