date,device,impl,kernel,n,sweeps,time_s,ms_per_sweep,mlups,model_bytes_per_point,eff_gbs,max_diff_vs_cpu
2026-10-03,AMD EPYC 7R13,cpu_openmp_16t,cpu,1024,100,9.255283e-03,9.255283e-02,11329.49,24,271.908,-1
2026-10-03,NVIDIA L4,cuda,naive,1024,100,2.872320e-03,2.872320e-02,36506.24,24,876.150,-1.000e+00
2026-10-03,NVIDIA L4,cuda,smem_tile,1024,100,3.054592e-03,3.054592e-02,34327.86,24,823.869,-1.000e+00
2026-10-03,NVIDIA L4,cuda,regs_stream,1024,100,2.956288e-03,2.956288e-02,35469.34,24,851.264,-1.000e+00
2026-10-03,AMD EPYC 7R13,cpu_openmp_16t,cpu,2048,100,9.600452e-02,9.600452e-01,4368.86,24,104.853,-1
2026-10-03,NVIDIA L4,cuda,naive,2048,100,4.142285e-02,4.142285e-01,10125.58,24,243.014,-1.000e+00
2026-10-03,NVIDIA L4,cuda,smem_tile,2048,100,4.102861e-02,4.102861e-01,10222.88,24,245.349,-1.000e+00
2026-10-03,NVIDIA L4,cuda,regs_stream,2048,100,4.469350e-02,4.469350e-01,9384.59,24,225.230,-1.000e+00
2026-10-03,AMD EPYC 7R13,cpu_openmp_16t,cpu,4096,100,7.142290e-01,7.142290e+00,2349.00,24,56.376,-1
2026-10-03,NVIDIA L4,cuda,naive,4096,100,1.666509e-01,1.666509e+00,10067.28,24,241.615,-1.000e+00
2026-10-03,NVIDIA L4,cuda,smem_tile,4096,100,1.656638e-01,1.656638e+00,10127.27,24,243.054,-1.000e+00
2026-10-03,NVIDIA L4,cuda,regs_stream,4096,100,1.768866e-01,1.768866e+00,9484.73,24,227.633,-1.000e+00
2026-10-03,AMD EPYC 7R13,cpu_openmp_16t,cpu,8192,100,2.939570e+00,2.939570e+01,2282.95,24,54.791,-1
2026-10-03,NVIDIA L4,cuda,naive,8192,100,6.681826e-01,6.681826e+00,10043.49,24,241.044,-1.000e+00
2026-10-03,NVIDIA L4,cuda,smem_tile,8192,100,6.622474e-01,6.622474e+00,10133.50,24,243.204,-1.000e+00
2026-10-03,NVIDIA L4,cuda,regs_stream,8192,100,7.077140e-01,7.077140e+00,9482.48,24,227.580,-1.000e+00
