binary,variant,tool,exit_code,summary
cg_cuda,csr_scalar,memcheck,0,"ERROR SUMMARY: 0 errors"
cg_cuda,csr_vector32,memcheck,0,"ERROR SUMMARY: 0 errors"
cg_cuda,csr_vector4,memcheck,0,"ERROR SUMMARY: 0 errors"
cg_cuda,stencil,memcheck,0,"ERROR SUMMARY: 0 errors"
cg_cuda,stencil_graph,memcheck,0,"ERROR SUMMARY: 0 errors"
cg_cuda,fused,memcheck,0,"ERROR SUMMARY: 0 errors"
cg_cuda,fused_graph,memcheck,0,"ERROR SUMMARY: 0 errors"
cg_cuda,fused_rows,memcheck,0,"ERROR SUMMARY: 0 errors"
cg_cuda,fused_rows_graph,memcheck,0,"ERROR SUMMARY: 0 errors"
cg_cuda,cusparse,memcheck,0,"ERROR SUMMARY: 0 errors"
jacobi,all,memcheck,0,"ERROR SUMMARY: 0 errors"
cg_cuda,csr_scalar,racecheck,0,"RACECHECK SUMMARY: 0 hazards displayed (0 errors, 0 warnings)"
cg_cuda,csr_vector32,racecheck,0,"RACECHECK SUMMARY: 0 hazards displayed (0 errors, 0 warnings)"
cg_cuda,csr_vector4,racecheck,0,"RACECHECK SUMMARY: 0 hazards displayed (0 errors, 0 warnings)"
cg_cuda,stencil,racecheck,0,"RACECHECK SUMMARY: 0 hazards displayed (0 errors, 0 warnings)"
cg_cuda,stencil_graph,racecheck,0,"RACECHECK SUMMARY: 0 hazards displayed (0 errors, 0 warnings)"
cg_cuda,fused,racecheck,0,"RACECHECK SUMMARY: 0 hazards displayed (0 errors, 0 warnings)"
cg_cuda,fused_graph,racecheck,0,"RACECHECK SUMMARY: 0 hazards displayed (0 errors, 0 warnings)"
cg_cuda,fused_rows,racecheck,0,"RACECHECK SUMMARY: 0 hazards displayed (0 errors, 0 warnings)"
cg_cuda,fused_rows_graph,racecheck,0,"RACECHECK SUMMARY: 0 hazards displayed (0 errors, 0 warnings)"
cg_cuda,cusparse,racecheck,9,"RACECHECK SUMMARY: 100 hazards displayed (374 errors, 187 warnings)"
jacobi,all,racecheck,0,"RACECHECK SUMMARY: 0 hazards displayed (0 errors, 0 warnings)"
cg_cuda,csr_scalar,synccheck,0,"ERROR SUMMARY: 0 errors"
cg_cuda,csr_vector32,synccheck,0,"ERROR SUMMARY: 0 errors"
cg_cuda,csr_vector4,synccheck,0,"ERROR SUMMARY: 0 errors"
cg_cuda,stencil,synccheck,0,"ERROR SUMMARY: 0 errors"
cg_cuda,stencil_graph,synccheck,0,"ERROR SUMMARY: 0 errors"
cg_cuda,fused,synccheck,0,"ERROR SUMMARY: 0 errors"
cg_cuda,fused_graph,synccheck,0,"ERROR SUMMARY: 0 errors"
cg_cuda,fused_rows,synccheck,0,"ERROR SUMMARY: 0 errors"
cg_cuda,fused_rows_graph,synccheck,0,"ERROR SUMMARY: 0 errors"
cg_cuda,cusparse,synccheck,0,"ERROR SUMMARY: 0 errors"
jacobi,all,synccheck,0,"ERROR SUMMARY: 0 errors"
cg_cuda,csr_scalar,initcheck,0,"ERROR SUMMARY: 0 errors"
cg_cuda,csr_vector32,initcheck,0,"ERROR SUMMARY: 0 errors"
cg_cuda,csr_vector4,initcheck,0,"ERROR SUMMARY: 0 errors"
cg_cuda,stencil,initcheck,0,"ERROR SUMMARY: 0 errors"
cg_cuda,stencil_graph,initcheck,0,"ERROR SUMMARY: 0 errors"
cg_cuda,fused,initcheck,0,"ERROR SUMMARY: 0 errors"
cg_cuda,fused_graph,initcheck,0,"ERROR SUMMARY: 0 errors"
cg_cuda,fused_rows,initcheck,0,"ERROR SUMMARY: 0 errors"
cg_cuda,fused_rows_graph,initcheck,0,"ERROR SUMMARY: 0 errors"
cg_cuda,cusparse,initcheck,0,"ERROR SUMMARY: 0 errors"
jacobi,all,initcheck,0,"ERROR SUMMARY: 0 errors"
